method,split,threshold,known_rows,unknown_rows,known_coverage,known_rejection_rate,unknown_rejection_rate,unknown_acceptance_rate,false_acceptance_rate,false_rejection_rate,known_accuracy_all,known_accuracy_accepted,selective_risk,binary_balanced_accuracy,auroc_known_vs_unknown
fusion_gate_v1,validation,0.5012177382379158,3417,1660,0.7506584723441615,0.2493415276558385,0.8680722891566265,0.13192771084337349,0.13192771084337349,0.2493415276558385,0.9230318993268949,0.9750487329434698,0.02495126705653017,0.809365380750394,0.8784881404458924
fusion_gate_v1,test,0.5012177382379158,3426,1660,0.7626970227670753,0.2373029772329247,0.8536144578313253,0.1463855421686747,0.1463855421686747,0.2373029772329247,0.9211908931698775,0.9789513968618446,0.021048603138155375,0.8081557402992003,0.8792773546022971
