C,cv_auroc_mean,cv_auroc_std
0.1,0.8766670390689161,0.011962749573188746
1.0,0.8773580051370878,0.011645528859769976
3.0,0.8775326060864146,0.01159184281821899
10.0,0.8776110813498788,0.011532866204585842
