C,cv_auroc_mean,cv_auroc_std
0.1,0.9227163927859598,0.007831820887181297
1.0,0.9246524692693356,0.007171768851435261
3.0,0.9249097852972085,0.0068781774822800745
10.0,0.9250322783002239,0.00676531332235017
