bin_confidence,bin_accuracy,count
0.3,0.3333333333333333,3
0.3666666666666667,0.3333333333333333,21
0.43333333333333335,0.40540540540540543,37
0.5,0.4444444444444444,63
0.5666666666666667,0.5875,80
0.6333333333333333,0.6947368421052632,95
0.7,0.6744186046511628,86
0.7666666666666666,0.7850467289719626,107
0.8333333333333334,0.8157894736842105,152
0.9,0.9071729957805907,237
0.9666666666666667,0.9866404715127701,2545
