bin_confidence,bin_accuracy,count
0.3666666666666667,0.25,4
0.43333333333333335,0.2857142857142857,7
0.5,0.3888888888888889,36
0.5666666666666667,0.5151515151515151,33
0.6333333333333333,0.5087719298245614,57
0.7,0.5625,48
0.7666666666666666,0.582089552238806,67
0.8333333333333334,0.7105263157894737,76
0.9,0.7102803738317757,107
0.9666666666666667,0.968572383818121,2991
