policy_name,total_images,accepted_as_known_count,manual_review_count,accepted_as_known_rate,manual_review_rate,internal_top1_prediction_counts_json,policy_score_mean,policy_score_median,policy_score_min,policy_score_max
raw_classifier,462,462,0,1.0,0.0,"{""cardboard"": 70, ""plastic"": 82, ""paper"": 20, ""metal"": 108, ""glass"": 182}",,,,
confidence_threshold,462,25,437,0.05411255411255411,0.9458874458874459,"{""cardboard"": 70, ""plastic"": 82, ""paper"": 20, ""metal"": 108, ""glass"": 182}",0.7547149031838297,0.7744482159614563,0.27695420384407043,0.9999995231628418
temperature_scaled_confidence,462,34,428,0.0735930735930736,0.9264069264069265,"{""cardboard"": 70, ""plastic"": 82, ""paper"": 20, ""metal"": 108, ""glass"": 182}",0.6104392961183668,0.5826380252838135,0.24323029816150665,0.9992873072624207
max_logit,462,25,437,0.05411255411255411,0.9458874458874459,"{""cardboard"": 70, ""plastic"": 82, ""paper"": 20, ""metal"": 108, ""glass"": 182}",3.5763690495839366,3.2096794843673706,0.19908231496810913,12.597675323486328
energy,462,25,437,0.05411255411255411,0.9458874458874459,"{""cardboard"": 70, ""plastic"": 82, ""paper"": 20, ""metal"": 108, ""glass"": 182}",-3.8980142032945313,-3.4976136684417725,-12.597676277160645,-1.3964545726776123
fusion_gate_v1_score_only,462,21,441,0.045454545454545456,0.9545454545454546,"{""cardboard"": 70, ""plastic"": 82, ""paper"": 20, ""metal"": 108, ""glass"": 182}",0.19086358615498208,0.13768314867383571,0.06200843559897577,0.9534159582724612
mahalanobis_only,462,425,37,0.9199134199134199,0.08008658008658008,"{""cardboard"": 70, ""plastic"": 82, ""paper"": 20, ""metal"": 108, ""glass"": 182}",-999.0066229089514,-911.2387390136719,-5261.11181640625,-411.6331481933594
fusion_gate_v2_mahalanobis,462,13,449,0.02813852813852814,0.9718614718614719,"{""cardboard"": 70, ""plastic"": 82, ""paper"": 20, ""metal"": 108, ""glass"": 182}",0.2049286759926673,0.15788684293407212,2.2574523075348502e-05,0.9939035591404931
