{
  "experiment": "fusion_gate_v2_statistical_evaluation_v1",
  "prediction_file": "ml\\outputs\\fusion_gate\\stage_04_fusion_gate_v2_mahalanobis\\fusion_gate_v2_predictions.csv",
  "threshold": 0.6314586412215439,
  "known_test_rows": 3426,
  "unknown_test_rows": 1660,
  "n_bootstrap": 1000,
  "bootstrap_confidence_level": 0.95,
  "n_ece_bins": 10,
  "point_metrics": {
    "known_coverage": 0.7656158785755983,
    "known_rejection_rate": 0.23438412142440168,
    "unknown_rejection_rate": 0.9337349397590361,
    "false_acceptance_rate": 0.06626506024096386,
    "accepted_known_accuracy": 0.9752192146397255,
    "selective_risk": 0.024780785360274504,
    "binary_balanced_accuracy": 0.8496754091673172,
    "auroc_known_vs_unknown": 0.926860155156528,
    "standardized_pauc_fpr_0_05": 0.8062031231486637,
    "standardized_pauc_fpr_0_10": 0.8420921218286364,
    "brier_score": 0.10872756339462619,
    "ece": 0.06412098101899116
  },
  "confidence_intervals": {
    "known_coverage": {
      "bootstrap_mean": 0.7660172212492703,
      "ci_lower_95": 0.752181844716871,
      "ci_upper_95": 0.7799182720373613,
      "bootstrap_std": 0.007180845721409991
    },
    "known_rejection_rate": {
      "bootstrap_mean": 0.23398277875072973,
      "ci_lower_95": 0.2200817279626387,
      "ci_upper_95": 0.247818155283129,
      "bootstrap_std": 0.00718084572140999
    },
    "unknown_rejection_rate": {
      "bootstrap_mean": 0.9333686746987951,
      "ci_lower_95": 0.9216867469879518,
      "ci_upper_95": 0.9451807228915663,
      "bootstrap_std": 0.006061078278390753
    },
    "false_acceptance_rate": {
      "bootstrap_mean": 0.06663132530120483,
      "ci_lower_95": 0.054819277108433734,
      "ci_upper_95": 0.0783132530120482,
      "bootstrap_std": 0.006061078278390754
    },
    "accepted_known_accuracy": {
      "bootstrap_mean": 0.9752372210580366,
      "ci_lower_95": 0.9693754934127139,
      "ci_upper_95": 0.980939306456799,
      "bootstrap_std": 0.0029980919022401884
    },
    "selective_risk": {
      "bootstrap_mean": 0.024762778941963454,
      "ci_lower_95": 0.019060693543200922,
      "ci_upper_95": 0.030624506587286094,
      "bootstrap_std": 0.0029980919022401884
    },
    "binary_balanced_accuracy": {
      "bootstrap_mean": 0.8496929479740328,
      "ci_lower_95": 0.8405945146610962,
      "ci_upper_95": 0.8591817269076305,
      "bootstrap_std": 0.004595775212000223
    },
    "auroc_known_vs_unknown": {
      "bootstrap_mean": 0.9269668810091505,
      "ci_lower_95": 0.9197230427840961,
      "ci_upper_95": 0.9346859988113575,
      "bootstrap_std": 0.003625420996505539
    },
    "standardized_pauc_fpr_0_05": {
      "bootstrap_mean": 0.8063991202133965,
      "ci_lower_95": 0.7877111301192917,
      "ci_upper_95": 0.8243533656833089,
      "bootstrap_std": 0.009541072121618631
    },
    "standardized_pauc_fpr_0_10": {
      "bootstrap_mean": 0.8421575702755717,
      "ci_lower_95": 0.8278774837575021,
      "ci_upper_95": 0.855961314147733,
      "bootstrap_std": 0.007274113314869698
    },
    "brier_score": {
      "bootstrap_mean": 0.10863386755103886,
      "ci_lower_95": 0.10262279588346372,
      "ci_upper_95": 0.11394151146143605,
      "bootstrap_std": 0.002857500777366501
    },
    "ece": {
      "bootstrap_mean": 0.06396691131430483,
      "ci_lower_95": 0.05748861366005289,
      "ci_upper_95": 0.07087793920167239,
      "bootstrap_std": 0.003431718839197572
    }
  },
  "calibration": {
    "brier_score": 0.10872756339462619,
    "ece": 0.06412098101899116,
    "n_bins": 10
  },
  "partial_auroc": {
    "standardized_pauc_fpr_0_05": 0.8062031231486637,
    "standardized_pauc_fpr_0_10": 0.8420921218286364,
    "note": "pAUC is computed using sklearn's standardized partial AUROC. The max_fpr value represents the low false-acceptance-rate region."
  },
  "output_files": {
    "summary": "ml\\outputs\\fusion_gate\\stage_04_fusion_gate_v2_statistical_eval\\fusion_gate_v2_statistical_summary_v1.json",
    "metrics": "ml\\outputs\\fusion_gate\\stage_04_fusion_gate_v2_statistical_eval\\fusion_gate_v2_statistical_metrics_v1.csv",
    "ece_bins": "ml\\outputs\\fusion_gate\\stage_04_fusion_gate_v2_statistical_eval\\fusion_gate_v2_ece_bins_v1.csv",
    "low_far_roc_curve": "ml\\outputs\\fusion_gate\\stage_04_fusion_gate_v2_statistical_eval\\fusion_gate_v2_low_far_roc_curve_v1.csv",
    "calibration_plot": "ml\\outputs\\fusion_gate\\stage_04_fusion_gate_v2_statistical_eval\\fusion_gate_v2_calibration_plot_v1.png",
    "low_far_roc_plot": "ml\\outputs\\fusion_gate\\stage_04_fusion_gate_v2_statistical_eval\\fusion_gate_v2_low_far_roc_plot_v1.png"
  }
}